average_shannons_score,rank,Models
0.8312428937831984,1.0,unimap
0.6631438574401191,7.0,harmony
0.7149563996705031,4.0,scpoli
0.7284866077912892,3.0,seurat
0.5988830607984893,9.0,scalex
0.7753199659383091,2.0,scgpt
0.6752333742058174,6.0,portal
0.628120064333757,8.0,ingest
0.7002671133234236,5.0,bbknn
0.5614014542092306,10.0,code_mmd
0.4641083607117355,11.0,code_adv
